Product,Name,Type_HS2,Group_Section,first_target_ECI,growth_at_target,RCA_2022,RelativeRelatedness,PCI_2032,Effort,Added_volume_USD
8485,Boat Propellers,"Machinery, mechanical appliances, & parts",Machines,0.971,1.729,0.98,1.228,1.393,0.113,291025576.79587877
8547,Metal Insulating Fittings,Electrical machinery and electronics,Machines,0.971,1.729,0.912,1.143,1.182,0.21,211311764.60070124
3926,Other Plastic Products,Plastics & articles thereof,Plastics and Rubbers,0.971,1.729,0.876,1.588,1.025,0.236,3411790035.211364
8507,Electric Batteries,Electrical machinery and electronics,Machines,0.971,1.729,0.891,0.595,1.022,0.266,2969733527.5415697
8484,Gaskets,"Machinery, mechanical appliances, & parts",Machines,0.971,1.729,0.905,-0.005,1.376,0.278,142685632.23936215
4911,Other Printed Material,"Books, newspapers, & other prints",Paper Goods,1.021,1.781,0.936,1.04,0.764,0.182,315188190.8826789
7009,Glass Mirrors,Glass & glassware,Stone And Glass,1.021,1.781,0.939,0.538,0.883,0.204,232772152.85203806
6815,Other Stone Articles,"Stone, plaster, cement, asbestos, mica.",Stone And Glass,1.021,1.781,0.905,1.199,0.957,0.216,263856132.79553056
9001,Optical Fibers and optical fibre bundles,"Optical, photo, & film equipment; medical instruments",Instruments,1.021,1.781,0.905,0.657,1.02,0.244,984024476.8376516
9612,Ink Ribbons,Misc. manufactures,Miscellaneous,1.021,1.781,0.898,-0.82,1.237,0.331,59229194.33761669
3810,Metal Pickling Preparations,Chemical products n.e.s.,Chemical Products,1.021,1.781,0.801,0.133,1.565,0.415,65242997.19881926
6810,Cement Articles,"Stone, plaster, cement, asbestos, mica.",Stone And Glass,1.071,1.832,0.973,1.236,0.48,0.123,0.0
8302,Metal Mountings,Miscellaneous metal products,Metals,1.071,1.832,0.947,1.107,0.68,0.164,0.0
203,Pig Meat,Meat & edible offal,Animal Products,1.071,1.832,0.941,-0.207,0.787,0.239,1183153160.4818838
3005,Bandages,Pharmaceutical products,Chemical Products,1.071,1.832,0.868,0.335,1.121,0.312,313206003.1404299
8523,Blank Audio Media,Electrical machinery and electronics,Machines,1.071,1.832,0.777,-0.798,1.692,0.498,1879040870.5910144
8515,Electric Soldering Equipment,Electrical machinery and electronics,Machines,1.071,1.832,0.703,-0.257,2.012,0.574,518795484.2170673
8707,Vehicle Bodies (including cabs) for the motor vehicles (8701 to 8705),"Cars, tractors, trucks & parts thereof.",Transportation,1.121,1.884,0.86,1.159,0.91,0.28,288613960.83611727
3801,Artificial Graphite,Chemical products n.e.s.,Chemical Products,1.121,1.884,0.928,-1.156,0.895,0.308,112485984.54184793
8607,Locomotive Parts,Railway and trams,Transportation,1.121,1.884,0.807,1.205,0.931,0.35,450399353.6908193
4006,Unvulcanised Rubber Products,Rubber & articles thereof,Plastics and Rubbers,1.121,1.884,0.795,0.118,1.111,0.424,18434506.421178725
8483,Transmissions,"Machinery, mechanical appliances, & parts",Machines,1.121,1.884,0.753,0.815,1.383,0.446,2347548750.7170444
9027,Chemical Analysis Instruments,"Optical, photo, & film equipment; medical instruments",Instruments,1.121,1.884,0.635,-0.031,1.871,0.66,2351787342.3611746
5602,Felt,"Wadding, felt, nonwovens, twin, ropes, & articles thereof",Textiles,1.171,1.936,0.895,0.396,0.738,0.271,44017867.547374435
7609,Aluminium Pipe Fittings,Aluminum articles,Metals,1.171,1.936,0.876,0.316,0.8,0.301,34578885.21681874
3203,Vegetable or Animal Dyes,"Paints, dyes, & varnishes",Chemical Products,1.171,1.936,0.887,-0.29,0.656,0.318,0.0
8423,Scales,"Machinery, mechanical appliances, & parts",Machines,1.171,1.936,0.891,-1.411,0.993,0.372,179762987.0002652
2915,Saturated Acyclic Monocarboxylic Acids,Organic chemicals,Chemical Products,1.171,1.936,0.859,-1.176,0.945,0.404,620808157.7093682
8603,Self-Propelled Rail Transport,Railway and trams,Transportation,1.171,1.936,0.617,-0.735,1.6,0.726,282946213.6162101
8479,Machinery Having Individual Functions,"Machinery, mechanical appliances, & parts",Machines,1.171,1.936,0.521,-0.562,1.871,0.859,7265843973.651548
8411,Gas Turbines,"Machinery, mechanical appliances, & parts",Machines,1.221,1.988,0.764,-0.354,1.049,0.493,5837618951.917028
8205,Other Hand Tools,Tools & cutlery,Metals,1.221,1.988,0.57,-0.775,1.649,0.797,378410426.7156592
9022,X-Ray Equipment,"Optical, photo, & film equipment; medical instruments",Instruments,1.221,1.988,0.543,-0.907,1.649,0.845,1286445819.2397544
9017,Drafting Tools,"Optical, photo, & film equipment; medical instruments",Instruments,1.221,1.988,0.406,-0.478,1.903,1.03,137565847.31952304
8209,Tool Plates,Tools & cutlery,Metals,1.221,1.988,0.376,-0.992,1.992,1.107,350036623.8375844
8433,Harvesting Machinery,"Machinery, mechanical appliances, & parts",Machines,1.271,2.04,0.691,1.063,1.012,0.521,1002369695.1568903
8467,Motor-working Tools,"Machinery, mechanical appliances, & parts",Machines,1.271,2.04,0.682,-0.323,1.209,0.608,377234313.0063046
8416,Liquid Fuel Furnaces,"Machinery, mechanical appliances, & parts",Machines,1.271,2.04,0.554,0.244,1.341,0.764,116433924.30032371
2912,"Aldehydes, cyclic polymers, and paraformaldehyde",Organic chemicals,Chemical Products,1.271,2.04,0.586,-0.901,1.35,0.781,134874310.79773518
9031,Other Measuring Instruments,"Optical, photo, & film equipment; medical instruments",Instruments,1.271,2.04,0.531,-0.382,1.565,0.833,2451059094.520839
9030,Oscilloscopes,"Optical, photo, & film equipment; medical instruments",Instruments,1.271,2.04,0.407,-0.226,1.717,1.014,1474807739.0343945
7211,Large Flat-Rolled Iron,Iron & steel,Metals,1.321,2.091,0.768,1.179,0.77,0.406,184198370.94924006
2916,Unsaturated Acyclic Monocarboxylic Acids,Organic chemicals,Chemical Products,1.321,2.091,0.624,-0.992,1.2,0.73,545019607.9427375
8428,Lifting Machinery,"Machinery, mechanical appliances, & parts",Machines,1.321,2.091,0.539,1.024,1.296,0.743,1507211582.468321
8480,Metal Molds,"Machinery, mechanical appliances, & parts",Machines,1.321,2.091,0.486,-0.121,1.476,0.887,963582254.8242033
8427,Fork-Lifts,"Machinery, mechanical appliances, & parts",Machines,1.321,2.091,0.409,-0.525,1.653,1.028,1198141739.1896787
8207,Interchangeable Tool Parts,Tools & cutlery,Metals,1.321,2.091,0.322,-0.21,1.757,1.148,1352765785.423454
7412,Copper Pipe Fittings,Copper articles,Metals,1.371,2.143,0.573,-0.268,1.178,0.764,271907529.7763812
7307,Iron Pipe Fittings,Iron/Steel Articles,Metals,1.371,2.143,0.502,0.762,1.241,0.812,955352486.1405526
4806,Vegetable Parchment,Paper articles,Paper Goods,1.371,2.143,0.51,-0.367,1.401,0.864,108795049.27465472
9013,LCDs,"Optical, photo, & film equipment; medical instruments",Instruments,1.371,2.143,0.54,-1.235,1.384,0.869,2172927490.7275653
5903,Plastic Coated Textile Fabric,"Coated, covered, & laminated fabrics for industrial use",Textiles,1.371,2.143,0.423,-0.29,1.525,0.993,668172676.0650885
8208,Cutting Blades,Tools & cutlery,Metals,1.371,2.143,0.35,0.397,1.614,1.067,187547586.94403523
8461,Metalworking Machines,"Machinery, mechanical appliances, & parts",Machines,1.371,2.143,0.263,-0.927,1.827,1.286,141636224.39315933
7415,Copper Fasteners,Copper articles,Metals,1.421,2.195,0.539,-1.577,1.241,0.89,65435334.03749503
7315,Iron Chains,Iron/Steel Articles,Metals,1.421,2.195,0.31,-0.0,1.56,1.154,337590321.55281085
2920,Other Esters,Organic chemicals,Chemical Products,1.421,2.195,0.365,-1.829,1.658,1.176,113460435.05736412
8101,Tungsten,Cermet articles,Metals,1.421,2.195,0.311,-0.526,1.588,1.183,72137656.98768441
3705,Developed Exposed Photographic Material,Photo & movie goods,Chemical Products,1.421,2.195,0.015,-1.204,2.344,1.739,104380773.7981364
6804,Milling Stones,"Stone, plaster, cement, asbestos, mica.",Stone And Glass,1.471,2.247,0.43,0.567,1.306,0.932,274812737.8941163
8443,Industrial Printers,"Machinery, mechanical appliances, & parts",Machines,1.471,2.247,0.341,-0.57,1.508,1.138,3122771908.3009443
7318,Iron Fasteners,Iron/Steel Articles,Metals,1.471,2.247,0.239,-0.033,1.642,1.271,2541986975.5182376
8466,Metalworking Machine Parts,"Machinery, mechanical appliances, & parts",Machines,1.471,2.247,0.196,0.816,1.658,1.293,1126656875.7812817
8202,Hand Saws,Tools & cutlery,Metals,1.471,2.247,0.218,-0.939,1.745,1.363,334424421.27203625
9010,Photo Lab Equipment,"Optical, photo, & film equipment; medical instruments",Instruments,1.471,2.247,0.083,-1.474,2.072,1.632,2319764629.7873597
3919,Self-adhesive Plastics,Plastics & articles thereof,Plastics and Rubbers,1.521,2.298,0.392,-0.201,1.346,1.036,1303911817.5230148
7416,Copper Springs,Copper articles,Metals,1.521,2.298,0.398,-0.459,1.37,1.041,53409169.49384703
8456,Non-Mechanical Removal Machinery,"Machinery, mechanical appliances, & parts",Machines,1.521,2.298,0.204,-0.889,1.726,1.382,442061324.61719805
3707,Photographic Chemicals,Photo & movie goods,Chemical Products,1.521,2.298,0.106,-0.605,1.879,1.534,399311402.43966657
8420,Rolling Machines,"Machinery, mechanical appliances, & parts",Machines,1.521,2.298,0.115,-1.186,1.863,1.555,101562277.62182267
9012,Non-optical Microscopes,"Optical, photo, & film equipment; medical instruments",Instruments,1.521,2.298,0.006,-0.703,2.035,1.723,244047606.97506687
9033,Opto-Electric Instrument Parts,"Optical, photo, & film equipment; medical instruments",Instruments,1.571,2.35,0.507,1.186,1.08,0.782,141452423.50581047
8204,Wrenches,Tools & cutlery,Metals,1.571,2.35,0.336,-0.482,1.378,1.141,157806155.5305802
2851,Inorganic Compounds,Inorganic chemicals,Chemical Products,1.571,2.35,0.246,-1.343,1.505,1.339,84993554.24835128
8113,Cermets,Cermet articles,Metals,1.571,2.35,0.209,-1.136,1.624,1.389,74417286.51822597
3702,Photographic Film,Photo & movie goods,Chemical Products,1.571,2.35,0.17,-1.43,1.724,1.475,104989764.53690153
8457,Metalworking Transfer Machines,"Machinery, mechanical appliances, & parts",Machines,1.571,2.35,0.027,-1.246,1.922,1.72,654517974.7076069
8444,Artificial Textile Machinery,"Machinery, mechanical appliances, & parts",Machines,1.571,2.35,0.006,-1.677,1.954,1.789,91444657.5903605
4812,Paper Pulp Filter Blocks,Paper articles,Paper Goods,1.621,2.402,0.65,0.305,0.903,0.621,9660360.75503435
7223,Stainless Steel Wire,Iron & steel,Metals,1.621,2.402,0.216,-0.529,1.462,1.34,165109969.2869229
7226,Flat-Rolled Iron,Iron & steel,Metals,1.621,2.402,0.107,0.424,1.586,1.468,276362567.7235289
8477,Rubberworking Machinery,"Machinery, mechanical appliances, & parts",Machines,1.621,2.402,0.092,-0.367,1.67,1.544,1978706365.9839568
3910,Silicone,Plastics & articles thereof,Plastics and Rubbers,1.621,2.402,0.053,-1.236,1.771,1.67,647875476.0386147
3914,Polymer Ion-Exchangers,Plastics & articles thereof,Plastics and Rubbers,1.621,2.402,0.026,-1.261,1.758,1.723,164934120.77178094
9108,Watch Movements,"Clocks, watches, & parts",Instruments,1.621,2.402,0.016,-1.722,1.756,1.773,80036046.69246894
8521,Video Recording Equipment,Electrical machinery and electronics,Machines,1.671,2.454,0.579,0.068,0.977,0.737,2032970636.2579184
8473,Office Machine Parts,"Machinery, mechanical appliances, & parts",Machines,1.671,2.454,0.602,-0.598,0.972,0.741,12337235031.310429
2914,Ketones and Quinones,Organic chemicals,Chemical Products,1.671,2.454,0.372,-0.685,1.286,1.095,402430761.8897666
8514,Electric Furnaces,Electrical machinery and electronics,Machines,1.671,2.454,0.325,-0.18,1.292,1.14,328098635.102199
9024,Tensile Testing Machines,"Optical, photo, & film equipment; medical instruments",Instruments,1.671,2.454,0.088,-0.819,1.576,1.58,175786545.93999165
3403,Lubricating Products,"Soap, cleaners, candles, dental, modelling pastes",Chemical Products,1.671,2.454,0.081,-1.357,1.661,1.628,764597389.0530688
3822,Laboratory Reagents,Chemical products n.e.s.,Chemical Products,1.671,2.454,0.031,-0.971,1.682,1.694,2293966151.4505863
2919,Phosphoric Esters and Salts,Organic chemicals,Chemical Products,1.671,2.454,0.023,-1.373,1.74,1.735,94665205.64867371
3818,Disc Chemicals for Electronics,Chemical products n.e.s.,Chemical Products,1.671,2.454,0.001,-1.58,1.771,1.79,1053783009.9238253
2928,Hydrazine or Hydroxylamine Derivatives,Organic chemicals,Chemical Products,1.721,2.506,0.266,-2.064,1.36,1.352,107226391.47274177
8462,Forging Machines,"Machinery, mechanical appliances, & parts",Machines,1.721,2.506,0.14,-0.44,1.441,1.464,650683810.8172493
8439,Papermaking Machines,"Machinery, mechanical appliances, & parts",Machines,1.721,2.506,0.068,-0.425,1.491,1.59,408601419.5729812
3701,Photographic Plates,Photo & movie goods,Chemical Products,1.721,2.506,0.082,-1.481,1.58,1.633,321926162.26873904
2910,Epoxides,Organic chemicals,Chemical Products,1.721,2.506,0.048,-1.326,1.607,1.686,308027363.7979442
9016,Balances,"Optical, photo, & film equipment; medical instruments",Instruments,1.721,2.506,0.011,-1.078,1.596,1.739,31474907.63901911
4904,Sheet Music,"Books, newspapers, & other prints",Paper Goods,1.721,2.506,0.003,-0.984,1.638,1.747,7052425.016830186
7506,Nickel Sheets,Nickel articles,Metals,1.721,2.506,0.009,-1.377,1.7,1.763,128756693.84175824
8425,Pulley Systems,"Machinery, mechanical appliances, & parts",Machines,1.771,2.557,0.57,0.036,0.966,0.751,359210887.23449576
7505,Nickel Bars,Nickel articles,Metals,1.771,2.557,0.22,-1.333,1.356,1.384,218615605.6763626
2934,Nucleic Acids,Organic chemicals,Chemical Products,1.771,2.557,0.215,-1.839,1.388,1.423,1791032849.2550128
7220,Flat-Rolled Stainless Steel,Iron & steel,Metals,1.771,2.557,0.115,-0.779,1.397,1.529,390663400.5389253
3908,Polyamides,Plastics & articles thereof,Plastics and Rubbers,1.771,2.557,0.094,-0.522,1.453,1.551,1131867690.3099053
8458,Metal Lathes,"Machinery, mechanical appliances, & parts",Machines,1.771,2.557,0.04,-0.636,1.543,1.655,466270624.5675527
3002,"Vaccines, blood, antisera, toxins and cultures",Pharmaceutical products,Chemical Products,1.771,2.557,0.033,-0.836,1.529,1.681,21457249519.536392
2850,Hydrides and other anions,Inorganic chemicals,Chemical Products,1.771,2.557,0.03,-0.874,1.53,1.689,50742583.40395903
2933,Nitrogen Heterocyclic Compounds,Organic chemicals,Chemical Products,1.771,2.557,0.073,-2.445,1.565,1.714,7192877212.238354
7014,Signaling Glassware,Glass & glassware,Stone And Glass,1.771,2.557,0.01,-1.309,1.576,1.755,41852967.37034011
9209,Musical Instrument Parts,Musical instruments,Instruments,1.821,2.609,0.329,0.147,1.162,1.114,94379937.22072054
5910,Conveyor Belt Textiles,"Coated, covered, & laminated fabrics for industrial use",Textiles,1.821,2.609,0.3,-0.622,1.205,1.207,40449587.250540085
8475,Glass Working Machines,"Machinery, mechanical appliances, & parts",Machines,1.821,2.609,0.282,-0.735,1.224,1.244,304377817.7027329
3507,Enzymes,"Glues, starches, & albuminoid products",Chemical Products,1.821,2.609,0.274,-0.883,1.239,1.266,435847968.2746723
7507,Nickel Pipes,Nickel articles,Metals,1.821,2.609,0.205,-0.932,1.28,1.384,77854930.63516408
3911,Petroleum Resins,Plastics & articles thereof,Plastics and Rubbers,1.821,2.609,0.192,-1.005,1.304,1.41,479157067.43684316
3821,Micro-Organism Culture Preparations,Chemical products n.e.s.,Chemical Products,1.821,2.609,0.085,-0.774,1.385,1.582,254126416.8533195
8460,Metal Finishing Machines,"Machinery, mechanical appliances, & parts",Machines,1.821,2.609,0.06,-0.465,1.423,1.609,292732440.91963035
2930,Organo-Sulfur Compounds,Organic chemicals,Chemical Products,1.821,2.609,0.09,-1.335,1.391,1.61,635541120.7782798
8429,Large Construction Vehicles,"Machinery, mechanical appliances, & parts",Machines,1.821,2.609,0.01,-0.201,1.446,1.684,4001029222.0450006
2843,Precious Metal Compounds,Inorganic chemicals,Chemical Products,1.821,2.609,0.048,-1.717,1.476,1.713,863723167.589966
7105,Precious Stone Dust,"Precious stones, metals, & pearls",Precious Metals,1.821,2.609,0.003,-1.018,1.494,1.749,35558343.73494205
6506,Other Headwear,Headgear,Footwear and Headwear,1.871,2.661,0.513,-0.37,0.97,0.86,239145694.13608554
8509,Other Domestic Electric Housewares,Electrical machinery and electronics,Machines,1.871,2.661,0.455,0.948,0.988,0.873,1599240276.3456042
8482,Ball Bearings,"Machinery, mechanical appliances, & parts",Machines,1.871,2.661,0.284,-0.02,1.152,1.197,2047437532.056962
8542,Integrated Circuits,Electrical machinery and electronics,Machines,1.871,2.661,0.272,-0.993,1.198,1.275,38949597027.17367
3906,Acrylic Polymers,Plastics & articles thereof,Plastics and Rubbers,1.871,2.661,0.234,-0.519,1.209,1.31,1180842395.249598
5502,Artificial Filament Tow,Man-made staple fibres,Textiles,1.871,2.661,0.153,-1.451,1.329,1.506,142249382.9403288
8464,Stone Working Machines,"Machinery, mechanical appliances, & parts",Machines,1.871,2.661,0.042,-0.616,1.388,1.652,208968971.83024648
2842,Other Inorganic Acids Salts,Inorganic chemicals,Chemical Products,1.871,2.661,0.026,-0.347,1.4,1.664,117572463.41925535
7222,Other Stainless Steel Bars,Iron & steel,Metals,1.871,2.661,0.044,-1.047,1.394,1.675,511296052.61065865
7225,Flat Flat-Rolled Steel,Iron & steel,Metals,1.871,2.661,0.02,-0.637,1.419,1.693,2602419198.6722
2907,Phenols,Organic chemicals,Chemical Products,1.871,2.661,0.023,-1.049,1.437,1.715,497956808.04036885
2925,Carboxyimide Compounds,Organic chemicals,Chemical Products,1.871,2.661,0.028,-1.868,1.462,1.758,159307398.1872572
7221,Hot-Rolled Stainless Steel Bars,Iron & steel,Metals,1.871,2.661,0.001,-1.634,1.446,1.794,150784016.71459985
5005,Silk Waste Yarn,Silk,Textiles,1.871,2.661,0.0,-1.931,1.429,1.816,7425788.894333147
3812,Prepared Rubber Accelerators,Chemical products n.e.s.,Chemical Products,1.921,2.713,0.52,-1.137,0.98,0.893,261208942.1055848
7419,Other Copper Products,Copper articles,Metals,1.921,2.713,0.407,0.585,0.982,0.967,159299563.34103063
9508,Fairground Amusements,"Toys, games, & sports",Miscellaneous,1.921,2.713,0.238,1.013,1.104,1.21,89841287.49485368
8465,Woodworking machines,"Machinery, mechanical appliances, & parts",Machines,1.921,2.713,0.184,-0.252,1.144,1.377,560560680.1272755
9114,Other Clocks and Watches,"Clocks, watches, & parts",Instruments,1.921,2.713,0.104,-1.703,1.289,1.61,122568001.02542083
9002,Mirrors and Lenses,"Optical, photo, & film equipment; medical instruments",Instruments,1.921,2.713,0.061,-0.937,1.299,1.636,906032133.683664
8440,Book-binding Machines,"Machinery, mechanical appliances, & parts",Machines,1.921,2.713,0.054,-0.856,1.268,1.645,63509101.72490423
8540,Cathode Tubes,Electrical machinery and electronics,Machines,1.921,2.713,0.036,-0.45,1.303,1.651,136013529.0844925
2936,Vitamins,Organic chemicals,Chemical Products,1.921,2.713,0.078,-1.72,1.286,1.656,748136437.0752398
8455,Metal-Rolling Mills,"Machinery, mechanical appliances, & parts",Machines,1.921,2.713,0.033,-0.486,1.292,1.659,383991150.585525
2929,Other Nitrogen Compounds,Organic chemicals,Chemical Products,1.921,2.713,0.021,-0.687,1.319,1.693,479357575.6814529
8448,Knitting Machine Accessories,"Machinery, mechanical appliances, & parts",Machines,1.921,2.713,0.011,-1.068,1.377,1.738,385236410.6903852
2812,Halides,Inorganic chemicals,Chemical Products,1.921,2.713,0.005,-1.556,1.347,1.781,51081183.238316424
2924,Carboxyamide Compounds,Organic chemicals,Chemical Products,1.921,2.713,0.022,-2.268,1.376,1.797,744914440.6861706
9110,Incomplete Movement Sets,"Clocks, watches, & parts",Instruments,1.921,2.713,0.001,-1.81,1.403,1.807,28644039.149672177
2935,Sulfonamides,Organic chemicals,Chemical Products,1.921,2.713,0.005,-2.081,1.37,1.816,862831603.6967987
3407,Pastes and Waxes,"Soap, cleaners, candles, dental, modelling pastes",Chemical Products,1.971,2.765,0.571,-0.635,0.886,0.788,59396007.25869658
8803,"Aircraft parts (gliders, balloons, and powered aircraft)",Aircraft and Spacecraft,Transportation,1.971,2.765,0.55,-0.16,0.887,0.793,3569532092.0284934
4005,Compounded Unvulcanised Rubber,Rubber & articles thereof,Plastics and Rubbers,1.971,2.765,0.363,1.392,1.008,0.99,326295624.07659787
3912,Cellulose,Plastics & articles thereof,Plastics and Rubbers,1.971,2.765,0.419,-0.229,0.928,0.995,349881300.0234518
8417,Industrial Furnaces,"Machinery, mechanical appliances, & parts",Machines,1.971,2.765,0.317,0.706,1.022,1.1,275033720.0292774
8505,Electromagnets,Electrical machinery and electronics,Machines,1.971,2.765,0.352,-0.738,0.963,1.13,640102319.7027882
8404,Boiler Plants,"Machinery, mechanical appliances, & parts",Machines,1.971,2.765,0.272,-0.054,1.037,1.218,99574036.60113773
8104,Magnesium,Cermet articles,Metals,1.971,2.765,0.206,1.215,1.02,1.252,155924838.23118004
7611,Large Aluminium Containers,Aluminum articles,Metals,1.971,2.765,0.195,0.413,1.017,1.318,16522155.629570317
2932,Oxygen Heterocyclic Compounds,Organic chemicals,Chemical Products,1.971,2.765,0.247,-1.499,1.11,1.349,646318975.1084771
2921,Amine Compounds,Organic chemicals,Chemical Products,1.971,2.765,0.157,-0.606,1.122,1.445,756797437.4223809
2937,Hormones,Organic chemicals,Chemical Products,1.971,2.765,0.142,-1.354,1.19,1.518,1466889511.4820337
4902,Newspapers,"Books, newspapers, & other prints",Paper Goods,1.971,2.765,0.043,0.672,1.198,1.566,204837557.28327334
9011,Microscopes,"Optical, photo, & film equipment; medical instruments",Instruments,1.971,2.765,0.049,0.019,1.155,1.597,219564267.29360262
8441,Other Paper Machinery,"Machinery, mechanical appliances, & parts",Machines,1.971,2.765,0.054,-0.367,1.149,1.612,579730612.9561714
8459,Drilling Machines,"Machinery, mechanical appliances, & parts",Machines,1.971,2.765,0.036,-0.058,1.097,1.626,214301016.07792255
3704,Undeveloped Exposed Photographic Material,Photo & movie goods,Chemical Products,1.971,2.765,0.011,0.252,1.218,1.651,2569990.6230995515
2940,Chemically Pure Sugars,Organic chemicals,Chemical Products,1.971,2.765,0.028,-0.88,1.255,1.693,105387153.88144071
5905,Textile Wall Coverings,"Coated, covered, & laminated fabrics for industrial use",Textiles,1.971,2.765,0.004,-0.554,1.152,1.716,9407510.187842183
4704,Sulfite Chemical Woodpulp,Wood pulp & paper scrap,Paper Goods,1.971,2.765,0.0,-0.886,1.227,1.746,41992816.06625847
4801,Newsprint,Paper articles,Paper Goods,1.971,2.765,0.011,-1.199,1.264,1.746,608719131.0347567
2931,Other Organo-Inorganic Compounds,Organic chemicals,Chemical Products,1.971,2.765,0.017,-1.413,1.242,1.749,707903752.4243933
9205,Wind Instruments,Musical instruments,Instruments,1.971,2.765,0.005,-1.623,1.23,1.786,60809544.747268416
3207,Prepared Pigments,"Paints, dyes, & varnishes",Chemical Products,2.021,2.816,0.765,-0.909,0.799,0.522,190968620.70380604
8412,Other Engines,"Machinery, mechanical appliances, & parts",Machines,2.021,2.816,0.545,1.201,0.837,0.724,1146229270.551404
7229,Steel Wire,Iron & steel,Metals,2.021,2.816,0.565,0.015,0.833,0.761,136322398.77814984
2823,Titanium Oxides,Inorganic chemicals,Chemical Products,2.021,2.816,0.465,-0.907,0.843,0.963,48223871.01692285
3506,Glues,"Glues, starches, & albuminoid products",Chemical Products,2.021,2.816,0.408,0.567,0.857,0.967,681277494.1423739
4008,Rubber Sheets,Rubber & articles thereof,Plastics and Rubbers,2.021,2.816,0.374,1.139,0.883,0.987,249732965.06990144
9304,"Spring, Air, and Gas Guns",Weapons,Weapons,2.021,2.816,0.389,0.525,0.844,0.999,49610078.595342904
2918,Carboxylic Acids,Organic chemicals,Chemical Products,2.021,2.816,0.387,-0.831,0.932,1.081,583617657.6647335
3813,Fire Extinguishers Preparations,Chemical products n.e.s.,Chemical Products,2.021,2.816,0.319,-0.762,0.883,1.185,17666566.32621789
2941,Antibiotics,Organic chemicals,Chemical Products,2.021,2.816,0.261,-0.3,0.946,1.252,725078344.0261003
5906,Rubber Textile Fabric,"Coated, covered, & laminated fabrics for industrial use",Textiles,2.021,2.816,0.188,0.928,0.907,1.299,102544905.82897326
3212,Nonaqueous Pigments,"Paints, dyes, & varnishes",Chemical Products,2.021,2.816,0.198,0.417,0.981,1.313,143049590.2001389
3004,Packaged Medicaments,Pharmaceutical products,Chemical Products,2.021,2.816,0.121,0.411,0.948,1.445,29450620039.116096
3909,Amino-resins,Plastics & articles thereof,Plastics and Rubbers,2.021,2.816,0.11,0.602,0.971,1.452,1334140200.9585285
3804,Wood Pulp Lyes,Chemical products n.e.s.,Chemical Products,2.021,2.816,0.145,-0.497,0.919,1.459,35298649.50303223
8436,Other Agricultural Machinery,"Machinery, mechanical appliances, & parts",Machines,2.021,2.816,0.108,0.445,0.994,1.465,590676185.7854539
8422,Washing and Bottling Machines,"Machinery, mechanical appliances, & parts",Machines,2.021,2.816,0.066,0.692,0.997,1.524,2388824926.3839884
7613,Aluminium Gas Containers,Aluminum articles,Metals,2.021,2.816,0.058,0.46,1.058,1.554,46310526.64767584
3905,Other Vinyl Polymers,Plastics & articles thereof,Plastics and Rubbers,2.021,2.816,0.062,0.014,0.938,1.575,413138310.4089414
2903,Halogenated Hydrocarbons,Organic chemicals,Chemical Products,2.021,2.816,0.109,-1.353,0.907,1.577,904768158.0268764
7107,Silver Clad Metals,"Precious stones, metals, & pearls",Precious Metals,2.021,2.816,0.113,-1.536,1.036,1.581,10625517.588731488
7319,Iron Sewing Needles,Iron/Steel Articles,Metals,2.021,2.816,0.092,-1.167,1.009,1.596,23866537.302607417
7018,Glass Beads,Glass & glassware,Stone And Glass,2.021,2.816,0.086,-1.073,0.933,1.6,106708826.10006925
8463,Other Non-Metal Removal Machinery,"Machinery, mechanical appliances, & parts",Machines,2.021,2.816,0.048,-0.401,1.037,1.625,138424997.5265389
2926,Nitrile Compounds,Organic chemicals,Chemical Products,2.021,2.816,0.085,-1.468,0.95,1.628,445682990.74503267
8426,Cranes,"Machinery, mechanical appliances, & parts",Machines,2.021,2.816,0.02,0.232,1.038,1.637,1067596469.4729047
9702,Prints,Art & antiques,Arts and Antiques,2.021,2.816,0.083,-1.552,0.943,1.637,39631154.86187126
9611,Rubber Stamps,Misc. manufactures,Miscellaneous,2.021,2.816,0.034,-0.278,0.936,1.643,22357248.56896745
7302,Iron Railway Products,Iron/Steel Articles,Metals,2.021,2.816,0.019,0.12,0.942,1.645,269155870.3024197
9301,Military Weapons,Weapons,Weapons,2.021,2.816,0.0,0.588,0.999,1.65,111046522.05439615
1105,Potato Flours,Products of the milling industry,Vegetable Products,2.021,2.816,0.039,-0.528,1.06,1.651,73446500.61582965
3703,Photographic Paper,Photo & movie goods,Chemical Products,2.021,2.816,0.011,-0.909,0.954,1.727,38741429.69020565
3807,"Wood Tar, Oils and Pitch",Chemical products n.e.s.,Chemical Products,2.021,2.816,0.007,-0.891,1.056,1.734,10820265.0612422
3601,Propellant Powders,"Explosives, matches, & fireworks",Chemical Products,2.021,2.816,0.001,-0.827,1.097,1.741,34400191.096972175
8401,Nuclear Reactors,"Machinery, mechanical appliances, & parts",Machines,2.021,2.816,0.002,-1.208,1.008,1.765,271589129.18468183
8445,Textile Fiber Machinery,"Machinery, mechanical appliances, & parts",Machines,2.021,2.816,0.008,-1.451,1.061,1.768,288088165.95218635
7218,Stainless Steel Ingots,Iron & steel,Metals,2.021,2.816,0.004,-1.33,1.069,1.769,332672447.03682536
8601,Electric Locomotives,Railway and trams,Transportation,2.021,2.816,0.001,-1.254,1.029,1.769,100716090.08808765
9101,Precious Metal Watches,"Clocks, watches, & parts",Instruments,2.021,2.816,0.024,-1.997,0.964,1.775,1097060153.9108524
8449,Felt Machinery,"Machinery, mechanical appliances, & parts",Machines,2.021,2.816,0.006,-1.518,0.992,1.777,118899565.42223297
7004,Blown Glass,Glass & glassware,Stone And Glass,2.021,2.816,0.017,-1.912,1.026,1.784,54018160.08845701
8476,Vending Machines,"Machinery, mechanical appliances, & parts",Machines,2.025,2.82,0.646,1.325,0.772,0.571,67737803.97270668
6806,Rock Wool,"Stone, plaster, cement, asbestos, mica.",Stone And Glass,2.025,2.82,0.406,1.209,0.806,0.933,267628064.27603886
8519,Sound Recording Equipment,Electrical machinery and electronics,Machines,2.025,2.82,0.446,-0.168,0.811,0.95,108536453.8464603
8539,Electric Filament,Electrical machinery and electronics,Machines,2.025,2.82,0.266,0.897,0.872,1.172,466109083.63339955
4816,Other Carbon Paper,Paper articles,Paper Goods,2.025,2.82,0.3,-0.798,0.866,1.218,33035908.823535595
4810,Kaolin Coated Paper,Paper articles,Paper Goods,2.025,2.82,0.048,-0.744,0.916,1.648,2133219550.8285499
