Product,Name,Type_HS2,Group_Section,in_baseline,in_extended,status,RCA_2022,PCI_2032,Effort,RelativeRelatedness,Added_vol_baseline,Added_vol_extended
8302,Metal Mountings,Miscellaneous metal products,Metals,True,False,baseline only,0.947,0.68,0.164,1.107,640098508.0459646,0.0
8485,Boat Propellers,"Machinery, mechanical appliances, & parts",Machines,True,True,both,0.98,1.393,0.113,1.228,156954929.60254636,291025576.79587877
4911,Other Printed Material,"Books, newspapers, & other prints",Paper Goods,True,True,both,0.936,0.764,0.182,1.04,177431724.22729373,315188190.8826789
7009,Glass Mirrors,Glass & glassware,Stone And Glass,True,True,both,0.939,0.883,0.204,0.538,132244083.3560555,232772152.85203806
8547,Metal Insulating Fittings,Electrical machinery and electronics,Machines,True,True,both,0.912,1.182,0.21,1.143,120871448.49275893,211311764.60070124
6815,Other Stone Articles,"Stone, plaster, cement, asbestos, mica.",Stone And Glass,True,True,both,0.905,0.957,0.216,1.199,151499708.6328063,263856132.79553056
3926,Other Plastic Products,Plastics & articles thereof,Plastics and Rubbers,True,True,both,0.876,1.025,0.236,1.588,1984094289.692614,3411790035.211364
203,Pig Meat,Meat & edible offal,Animal Products,True,True,both,0.941,0.787,0.239,-0.207,681659457.9272074,1183153160.4818838
9001,Optical Fibers and optical fibre bundles,"Optical, photo, & film equipment; medical instruments",Instruments,True,True,both,0.905,1.02,0.244,0.657,571238160.1159039,984024476.8376516
8507,Electric Batteries,Electrical machinery and electronics,Machines,True,True,both,0.891,1.022,0.266,0.595,1742059049.3819194,2969733527.5415697
5602,Felt,"Wadding, felt, nonwovens, twin, ropes, & articles thereof",Textiles,True,True,both,0.895,0.738,0.271,0.396,25846938.942591537,44017867.547374435
8484,Gaskets,"Machinery, mechanical appliances, & parts",Machines,True,True,both,0.905,1.376,0.278,-0.005,83854673.99121863,142685632.23936215
8707,Vehicle Bodies (including cabs) for the motor vehicles (8701 to 8705),"Cars, tractors, trucks & parts thereof.",Transportation,True,True,both,0.86,0.91,0.28,1.159,170977299.33117312,288613960.83611727
7609,Aluminium Pipe Fittings,Aluminum articles,Metals,True,True,both,0.876,0.8,0.301,0.316,20576750.75161979,34578885.21681874
3801,Artificial Graphite,Chemical products n.e.s.,Chemical Products,True,True,both,0.928,0.895,0.308,-1.156,66542320.17575585,112485984.54184793
3005,Bandages,Pharmaceutical products,Chemical Products,True,True,both,0.868,1.121,0.312,0.335,187255664.30324504,313206003.1404299
9612,Ink Ribbons,Misc. manufactures,Miscellaneous,True,True,both,0.898,1.237,0.331,-0.82,35450938.07819031,59229194.33761669
8607,Locomotive Parts,Railway and trams,Transportation,True,True,both,0.807,0.931,0.35,1.205,274985575.2623667,450399353.6908193
8423,Scales,"Machinery, mechanical appliances, & parts",Machines,True,True,both,0.891,0.993,0.372,-1.411,108976622.56541409,179762987.0002652
2915,Saturated Acyclic Monocarboxylic Acids,Organic chemicals,Chemical Products,True,True,both,0.859,0.945,0.404,-1.176,381311847.513492,620808157.7093682
7211,Large Flat-Rolled Iron,Iron & steel,Metals,True,True,both,0.768,0.77,0.406,1.179,114816751.74936534,184198370.94924006
3810,Metal Pickling Preparations,Chemical products n.e.s.,Chemical Products,True,True,both,0.801,1.565,0.415,0.133,40540633.445315726,65242997.19881926
4006,Unvulcanised Rubber Products,Rubber & articles thereof,Plastics and Rubbers,True,True,both,0.795,1.111,0.424,0.118,11490220.968562854,18434506.421178725
8483,Transmissions,"Machinery, mechanical appliances, & parts",Machines,True,True,both,0.753,1.383,0.446,0.815,1480051699.0060925,2347548750.7170444
8411,Gas Turbines,"Machinery, mechanical appliances, & parts",Machines,True,True,both,0.764,1.049,0.493,-0.354,3708140130.2363048,5837618951.917028
8523,Blank Audio Media,Electrical machinery and electronics,Machines,True,True,both,0.777,1.692,0.498,-0.798,1192399615.3239887,1879040870.5910144
8433,Harvesting Machinery,"Machinery, mechanical appliances, & parts",Machines,True,True,both,0.691,1.012,0.521,1.063,647457700.0695082,1002369695.1568903
8515,Electric Soldering Equipment,Electrical machinery and electronics,Machines,True,True,both,0.703,2.012,0.574,-0.257,337351670.6410396,518795484.2170673
8467,Motor-working Tools,"Machinery, mechanical appliances, & parts",Machines,True,True,both,0.682,1.209,0.608,-0.323,247261700.63400412,377234313.0063046
9027,Chemical Analysis Instruments,"Optical, photo, & film equipment; medical instruments",Instruments,True,True,both,0.635,1.871,0.66,-0.031,1563305260.2408774,2351787342.3611746
8603,Self-Propelled Rail Transport,Railway and trams,Transportation,True,True,both,0.617,1.6,0.726,-0.735,189979525.15903196,282946213.6162101
2916,Unsaturated Acyclic Monocarboxylic Acids,Organic chemicals,Chemical Products,True,True,both,0.624,1.2,0.73,-0.992,365708398.698128,545019607.9427375
8521,Video Recording Equipment,Electrical machinery and electronics,Machines,True,True,both,0.579,0.977,0.737,0.068,1374032041.7011487,2032970636.2579184
8473,Office Machine Parts,"Machinery, mechanical appliances, & parts",Machines,True,True,both,0.602,0.972,0.741,-0.598,8314103537.949214,12337235031.310429
8428,Lifting Machinery,"Machinery, mechanical appliances, & parts",Machines,True,True,both,0.539,1.296,0.743,1.024,1025395059.4375153,1507211582.468321
7412,Copper Pipe Fittings,Copper articles,Metals,True,True,both,0.573,1.178,0.764,-0.268,184424091.89666548,271907529.7763812
8416,Liquid Fuel Furnaces,"Machinery, mechanical appliances, & parts",Machines,True,True,both,0.554,1.341,0.764,0.244,79187801.07864739,116433924.30032371
2912,"Aldehydes, cyclic polymers, and paraformaldehyde",Organic chemicals,Chemical Products,True,True,both,0.586,1.35,0.781,-0.901,91446260.80495675,134874310.79773518
9033,Opto-Electric Instrument Parts,"Optical, photo, & film equipment; medical instruments",Instruments,True,True,both,0.507,1.08,0.782,1.186,97025034.69229698,141452423.50581047
8205,Other Hand Tools,Tools & cutlery,Metals,True,True,both,0.57,1.649,0.797,-0.775,257530430.37224618,378410426.7156592
7307,Iron Pipe Fittings,Iron/Steel Articles,Metals,True,True,both,0.502,1.241,0.812,0.762,657343719.7450786,955352486.1405526
9031,Other Measuring Instruments,"Optical, photo, & film equipment; medical instruments",Instruments,True,True,both,0.531,1.565,0.833,-0.382,1682216280.2946165,2451059094.520839
9022,X-Ray Equipment,"Optical, photo, & film equipment; medical instruments",Instruments,True,True,both,0.543,1.649,0.845,-0.907,882202682.5876216,1286445819.2397544
8479,Machinery Having Individual Functions,"Machinery, mechanical appliances, & parts",Machines,True,True,both,0.521,1.871,0.859,-0.562,5003879519.998168,7265843973.651548
4806,Vegetable Parchment,Paper articles,Paper Goods,True,True,both,0.51,1.401,0.864,-0.367,75065178.43093537,108795049.27465472
9013,LCDs,"Optical, photo, & film equipment; medical instruments",Instruments,True,True,both,0.54,1.384,0.869,-1.235,1493567788.497494,2172927490.7275653
8480,Metal Molds,"Machinery, mechanical appliances, & parts",Machines,True,True,both,0.486,1.476,0.887,-0.121,668164806.3816204,963582254.8242033
7415,Copper Fasteners,Copper articles,Metals,True,True,both,0.539,1.241,0.89,-1.577,45052077.878023714,65435334.03749503
6804,Milling Stones,"Stone, plaster, cement, asbestos, mica.",Stone And Glass,True,True,both,0.43,1.306,0.932,0.567,192562671.18097505,274812737.8941163
5903,Plastic Coated Textile Fabric,"Coated, covered, & laminated fabrics for industrial use",Textiles,True,True,both,0.423,1.525,0.993,-0.29,470234949.66997933,668172676.0650885
9030,Oscilloscopes,"Optical, photo, & film equipment; medical instruments",Instruments,True,True,both,0.407,1.717,1.014,-0.226,1041153087.6722498,1474807739.0343945
8427,Fork-Lifts,"Machinery, mechanical appliances, & parts",Machines,True,True,both,0.409,1.653,1.028,-0.525,846179132.1510231,1198141739.1896787
9017,Drafting Tools,"Optical, photo, & film equipment; medical instruments",Instruments,True,True,both,0.406,1.903,1.03,-0.478,97200564.11548108,137565847.31952304
3919,Self-adhesive Plastics,Plastics & articles thereof,Plastics and Rubbers,True,True,both,0.392,1.346,1.036,-0.201,923283884.9193231,1303911817.5230148
7416,Copper Springs,Copper articles,Metals,True,True,both,0.398,1.37,1.041,-0.459,37792611.45568593,53409169.49384703
8208,Cutting Blades,Tools & cutlery,Metals,True,True,both,0.35,1.614,1.067,0.397,133701893.96861671,187547586.94403523
2914,Ketones and Quinones,Organic chemicals,Chemical Products,True,True,both,0.372,1.286,1.095,-0.685,286372765.35757667,402430761.8897666
8209,Tool Plates,Tools & cutlery,Metals,True,True,both,0.376,1.992,1.107,-0.992,249088074.0343486,350036623.8375844
8443,Industrial Printers,"Machinery, mechanical appliances, & parts",Machines,True,True,both,0.341,1.508,1.138,-0.57,2234521345.739104,3122771908.3009443
8514,Electric Furnaces,Electrical machinery and electronics,Machines,True,True,both,0.325,1.292,1.14,-0.18,235262882.96219373,328098635.102199
8204,Wrenches,Tools & cutlery,Metals,True,True,both,0.336,1.378,1.141,-0.482,113009263.50855105,157806155.5305802
8207,Interchangeable Tool Parts,Tools & cutlery,Metals,True,True,both,0.322,1.757,1.148,-0.21,970721449.0662272,1352765785.423454
7315,Iron Chains,Iron/Steel Articles,Metals,True,True,both,0.31,1.56,1.154,-0.0,242667401.52261192,337590321.55281085
2920,Other Esters,Organic chemicals,Chemical Products,True,True,both,0.365,1.658,1.176,-1.829,81055096.00131825,113460435.05736412
8101,Tungsten,Cermet articles,Metals,True,True,both,0.311,1.588,1.183,-0.526,51887083.5192887,72137656.98768441
7318,Iron Fasteners,Iron/Steel Articles,Metals,True,True,both,0.239,1.642,1.271,-0.033,1848780198.701853,2541986975.5182376
8461,Metalworking Machines,"Machinery, mechanical appliances, & parts",Machines,True,True,both,0.263,1.827,1.286,-0.927,102745532.24206881,141636224.39315933
8466,Metalworking Machine Parts,"Machinery, mechanical appliances, & parts",Machines,True,True,both,0.196,1.658,1.293,0.816,824136931.0861903,1126656875.7812817
2851,Inorganic Compounds,Inorganic chemicals,Chemical Products,True,True,both,0.246,1.505,1.339,-1.343,61847159.59845598,84993554.24835128
7223,Stainless Steel Wire,Iron & steel,Metals,True,True,both,0.216,1.462,1.34,-0.529,120577107.39659558,165109969.2869229
2928,Hydrazine or Hydroxylamine Derivatives,Organic chemicals,Chemical Products,True,True,both,0.266,1.36,1.352,-2.064,77871366.7031443,107226391.47274177
8202,Hand Saws,Tools & cutlery,Metals,True,True,both,0.218,1.745,1.363,-0.939,244275769.94105613,334424421.27203625
8456,Non-Mechanical Removal Machinery,"Machinery, mechanical appliances, & parts",Machines,True,True,both,0.204,1.726,1.382,-0.889,323484852.9144749,442061324.61719805
8113,Cermets,Cermet articles,Metals,True,True,both,0.209,1.624,1.389,-1.136,54433319.44655897,74417286.51822597
2934,Nucleic Acids,Organic chemicals,Chemical Products,True,True,both,0.215,1.388,1.423,-1.839,1309887702.8323696,1791032849.2550128
8462,Forging Machines,"Machinery, mechanical appliances, & parts",Machines,True,True,both,0.14,1.441,1.464,-0.44,480138951.46699935,650683810.8172493
7226,Flat-Rolled Iron,Iron & steel,Metals,True,True,both,0.107,1.586,1.468,0.424,204711174.64616963,276362567.7235289
3702,Photographic Film,Photo & movie goods,Chemical Products,True,True,both,0.17,1.724,1.475,-1.43,77224700.83463301,104989764.53690153
3707,Photographic Chemicals,Photo & movie goods,Chemical Products,True,True,both,0.106,1.879,1.534,-0.605,295948593.20849836,399311402.43966657
8477,Rubberworking Machinery,"Machinery, mechanical appliances, & parts",Machines,True,True,both,0.092,1.67,1.544,-0.367,1468899376.1909733,1978706365.9839568
8420,Rolling Machines,"Machinery, mechanical appliances, & parts",Machines,True,True,both,0.115,1.863,1.555,-1.186,75210283.80387115,101562277.62182267
9024,Tensile Testing Machines,"Optical, photo, & film equipment; medical instruments",Instruments,True,True,both,0.088,1.576,1.58,-0.819,130576079.34857577,175786545.93999165
3403,Lubricating Products,"Soap, cleaners, candles, dental, modelling pastes",Chemical Products,True,True,both,0.081,1.661,1.628,-1.357,568540977.84927,764597389.0530688
9010,Photo Lab Equipment,"Optical, photo, & film equipment; medical instruments",Instruments,True,True,both,0.083,2.072,1.632,-1.474,1724640322.7044313,2319764629.7873597
3701,Photographic Plates,Photo & movie goods,Chemical Products,True,True,both,0.082,1.58,1.633,-1.481,239343715.74777222,321926162.26873904
8458,Metal Lathes,"Machinery, mechanical appliances, & parts",Machines,True,True,both,0.04,1.543,1.655,-0.636,348224785.9777783,466270624.5675527
3910,Silicone,Plastics & articles thereof,Plastics and Rubbers,True,True,both,0.053,1.771,1.67,-1.236,483221143.3050428,647875476.0386147
2910,Epoxides,Organic chemicals,Chemical Products,True,True,both,0.048,1.607,1.686,-1.326,229878401.57274806,308027363.7979442
3822,Laboratory Reagents,Chemical products n.e.s.,Chemical Products,True,True,both,0.031,1.682,1.694,-0.971,1715036967.2951126,2293966151.4505863
8457,Metalworking Transfer Machines,"Machinery, mechanical appliances, & parts",Machines,True,True,both,0.027,1.922,1.72,-1.246,489549321.79973716,654517974.7076069
3914,Polymer Ion-Exchangers,Plastics & articles thereof,Plastics and Rubbers,True,True,both,0.026,1.758,1.723,-1.261,123378150.76846914,164934120.77178094
9012,Non-optical Microscopes,"Optical, photo, & film equipment; medical instruments",Instruments,True,True,both,0.006,2.035,1.723,-0.703,182929830.97456375,244047606.97506687
2919,Phosphoric Esters and Salts,Organic chemicals,Chemical Products,True,True,both,0.023,1.74,1.735,-1.373,70833363.93549322,94665205.64867371
3705,Developed Exposed Photographic Material,Photo & movie goods,Chemical Products,True,True,both,0.015,2.344,1.739,-1.204,78167900.07403971,104380773.7981364
9016,Balances,"Optical, photo, & film equipment; medical instruments",Instruments,True,True,both,0.011,1.596,1.739,-1.078,23581004.3638586,31474907.63901911
4904,Sheet Music,"Books, newspapers, & other prints",Paper Goods,True,True,both,0.003,1.638,1.747,-0.984,5287848.618991265,7052425.016830186
7506,Nickel Sheets,Nickel articles,Metals,True,True,both,0.009,1.7,1.763,-1.377,96486427.49788101,128756693.84175824
9108,Watch Movements,"Clocks, watches, & parts",Instruments,True,True,both,0.016,1.756,1.773,-1.722,59935814.66646724,80036046.69246894
8444,Artificial Textile Machinery,"Machinery, mechanical appliances, & parts",Machines,True,True,both,0.006,1.954,1.789,-1.677,68548220.58011076,91444657.5903605
3818,Disc Chemicals for Electronics,Chemical products n.e.s.,Chemical Products,True,True,both,0.001,1.771,1.79,-1.58,790272792.0308684,1053783009.9238253
3207,Prepared Pigments,"Paints, dyes, & varnishes",Chemical Products,False,True,extended only,0.765,0.799,0.522,-0.909,0.0,190968620.70380604
8476,Vending Machines,"Machinery, mechanical appliances, & parts",Machines,False,True,extended only,0.646,0.772,0.571,1.325,0.0,67737803.97270668
4812,Paper Pulp Filter Blocks,Paper articles,Paper Goods,False,True,extended only,0.65,0.903,0.621,0.305,0.0,9660360.75503435
8412,Other Engines,"Machinery, mechanical appliances, & parts",Machines,False,True,extended only,0.545,0.837,0.724,1.201,0.0,1146229270.551404
8425,Pulley Systems,"Machinery, mechanical appliances, & parts",Machines,False,True,extended only,0.57,0.966,0.751,0.036,0.0,359210887.23449576
7229,Steel Wire,Iron & steel,Metals,False,True,extended only,0.565,0.833,0.761,0.015,0.0,136322398.77814984
3407,Pastes and Waxes,"Soap, cleaners, candles, dental, modelling pastes",Chemical Products,False,True,extended only,0.571,0.886,0.788,-0.635,0.0,59396007.25869658
8803,"Aircraft parts (gliders, balloons, and powered aircraft)",Aircraft and Spacecraft,Transportation,False,True,extended only,0.55,0.887,0.793,-0.16,0.0,3569532092.0284934
6506,Other Headwear,Headgear,Footwear and Headwear,False,True,extended only,0.513,0.97,0.86,-0.37,0.0,239145694.13608554
8509,Other Domestic Electric Housewares,Electrical machinery and electronics,Machines,False,True,extended only,0.455,0.988,0.873,0.948,0.0,1599240276.3456042
3812,Prepared Rubber Accelerators,Chemical products n.e.s.,Chemical Products,False,True,extended only,0.52,0.98,0.893,-1.137,0.0,261208942.1055848
6806,Rock Wool,"Stone, plaster, cement, asbestos, mica.",Stone And Glass,False,True,extended only,0.406,0.806,0.933,1.209,0.0,267628064.27603886
8519,Sound Recording Equipment,Electrical machinery and electronics,Machines,False,True,extended only,0.446,0.811,0.95,-0.168,0.0,108536453.8464603
2823,Titanium Oxides,Inorganic chemicals,Chemical Products,False,True,extended only,0.465,0.843,0.963,-0.907,0.0,48223871.01692285
3506,Glues,"Glues, starches, & albuminoid products",Chemical Products,False,True,extended only,0.408,0.857,0.967,0.567,0.0,681277494.1423739
7419,Other Copper Products,Copper articles,Metals,False,True,extended only,0.407,0.982,0.967,0.585,0.0,159299563.34103063
4008,Rubber Sheets,Rubber & articles thereof,Plastics and Rubbers,False,True,extended only,0.374,0.883,0.987,1.139,0.0,249732965.06990144
4005,Compounded Unvulcanised Rubber,Rubber & articles thereof,Plastics and Rubbers,False,True,extended only,0.363,1.008,0.99,1.392,0.0,326295624.07659787
3912,Cellulose,Plastics & articles thereof,Plastics and Rubbers,False,True,extended only,0.419,0.928,0.995,-0.229,0.0,349881300.0234518
9304,"Spring, Air, and Gas Guns",Weapons,Weapons,False,True,extended only,0.389,0.844,0.999,0.525,0.0,49610078.595342904
2918,Carboxylic Acids,Organic chemicals,Chemical Products,False,True,extended only,0.387,0.932,1.081,-0.831,0.0,583617657.6647335
8417,Industrial Furnaces,"Machinery, mechanical appliances, & parts",Machines,False,True,extended only,0.317,1.022,1.1,0.706,0.0,275033720.0292774
9209,Musical Instrument Parts,Musical instruments,Instruments,False,True,extended only,0.329,1.162,1.114,0.147,0.0,94379937.22072054
8505,Electromagnets,Electrical machinery and electronics,Machines,False,True,extended only,0.352,0.963,1.13,-0.738,0.0,640102319.7027882
8539,Electric Filament,Electrical machinery and electronics,Machines,False,True,extended only,0.266,0.872,1.172,0.897,0.0,466109083.63339955
3813,Fire Extinguishers Preparations,Chemical products n.e.s.,Chemical Products,False,True,extended only,0.319,0.883,1.185,-0.762,0.0,17666566.32621789
8482,Ball Bearings,"Machinery, mechanical appliances, & parts",Machines,False,True,extended only,0.284,1.152,1.197,-0.02,0.0,2047437532.056962
5910,Conveyor Belt Textiles,"Coated, covered, & laminated fabrics for industrial use",Textiles,False,True,extended only,0.3,1.205,1.207,-0.622,0.0,40449587.250540085
9508,Fairground Amusements,"Toys, games, & sports",Miscellaneous,False,True,extended only,0.238,1.104,1.21,1.013,0.0,89841287.49485368
4816,Other Carbon Paper,Paper articles,Paper Goods,False,True,extended only,0.3,0.866,1.218,-0.798,0.0,33035908.823535595
8404,Boiler Plants,"Machinery, mechanical appliances, & parts",Machines,False,True,extended only,0.272,1.037,1.218,-0.054,0.0,99574036.60113773
8475,Glass Working Machines,"Machinery, mechanical appliances, & parts",Machines,False,True,extended only,0.282,1.224,1.244,-0.735,0.0,304377817.7027329
2941,Antibiotics,Organic chemicals,Chemical Products,False,True,extended only,0.261,0.946,1.252,-0.3,0.0,725078344.0261003
8104,Magnesium,Cermet articles,Metals,False,True,extended only,0.206,1.02,1.252,1.215,0.0,155924838.23118004
3507,Enzymes,"Glues, starches, & albuminoid products",Chemical Products,False,True,extended only,0.274,1.239,1.266,-0.883,0.0,435847968.2746723
8542,Integrated Circuits,Electrical machinery and electronics,Machines,False,True,extended only,0.272,1.198,1.275,-0.993,0.0,38949597027.17367
5906,Rubber Textile Fabric,"Coated, covered, & laminated fabrics for industrial use",Textiles,False,True,extended only,0.188,0.907,1.299,0.928,0.0,102544905.82897326
3906,Acrylic Polymers,Plastics & articles thereof,Plastics and Rubbers,False,True,extended only,0.234,1.209,1.31,-0.519,0.0,1180842395.249598
3212,Nonaqueous Pigments,"Paints, dyes, & varnishes",Chemical Products,False,True,extended only,0.198,0.981,1.313,0.417,0.0,143049590.2001389
7611,Large Aluminium Containers,Aluminum articles,Metals,False,True,extended only,0.195,1.017,1.318,0.413,0.0,16522155.629570317
2932,Oxygen Heterocyclic Compounds,Organic chemicals,Chemical Products,False,True,extended only,0.247,1.11,1.349,-1.499,0.0,646318975.1084771
8465,Woodworking machines,"Machinery, mechanical appliances, & parts",Machines,False,True,extended only,0.184,1.144,1.377,-0.252,0.0,560560680.1272755
7505,Nickel Bars,Nickel articles,Metals,False,True,extended only,0.22,1.356,1.384,-1.333,0.0,218615605.6763626
7507,Nickel Pipes,Nickel articles,Metals,False,True,extended only,0.205,1.28,1.384,-0.932,0.0,77854930.63516408
3911,Petroleum Resins,Plastics & articles thereof,Plastics and Rubbers,False,True,extended only,0.192,1.304,1.41,-1.005,0.0,479157067.43684316
2921,Amine Compounds,Organic chemicals,Chemical Products,False,True,extended only,0.157,1.122,1.445,-0.606,0.0,756797437.4223809
3004,Packaged Medicaments,Pharmaceutical products,Chemical Products,False,True,extended only,0.121,0.948,1.445,0.411,0.0,29450620039.116096
3909,Amino-resins,Plastics & articles thereof,Plastics and Rubbers,False,True,extended only,0.11,0.971,1.452,0.602,0.0,1334140200.9585285
3804,Wood Pulp Lyes,Chemical products n.e.s.,Chemical Products,False,True,extended only,0.145,0.919,1.459,-0.497,0.0,35298649.50303223
8436,Other Agricultural Machinery,"Machinery, mechanical appliances, & parts",Machines,False,True,extended only,0.108,0.994,1.465,0.445,0.0,590676185.7854539
5502,Artificial Filament Tow,Man-made staple fibres,Textiles,False,True,extended only,0.153,1.329,1.506,-1.451,0.0,142249382.9403288
2937,Hormones,Organic chemicals,Chemical Products,False,True,extended only,0.142,1.19,1.518,-1.354,0.0,1466889511.4820337
8422,Washing and Bottling Machines,"Machinery, mechanical appliances, & parts",Machines,False,True,extended only,0.066,0.997,1.524,0.692,0.0,2388824926.3839884
7220,Flat-Rolled Stainless Steel,Iron & steel,Metals,False,True,extended only,0.115,1.397,1.529,-0.779,0.0,390663400.5389253
3908,Polyamides,Plastics & articles thereof,Plastics and Rubbers,False,True,extended only,0.094,1.453,1.551,-0.522,0.0,1131867690.3099053
7613,Aluminium Gas Containers,Aluminum articles,Metals,False,True,extended only,0.058,1.058,1.554,0.46,0.0,46310526.64767584
4902,Newspapers,"Books, newspapers, & other prints",Paper Goods,False,True,extended only,0.043,1.198,1.566,0.672,0.0,204837557.28327334
3905,Other Vinyl Polymers,Plastics & articles thereof,Plastics and Rubbers,False,True,extended only,0.062,0.938,1.575,0.014,0.0,413138310.4089414
2903,Halogenated Hydrocarbons,Organic chemicals,Chemical Products,False,True,extended only,0.109,0.907,1.577,-1.353,0.0,904768158.0268764
7107,Silver Clad Metals,"Precious stones, metals, & pearls",Precious Metals,False,True,extended only,0.113,1.036,1.581,-1.536,0.0,10625517.588731488
3821,Micro-Organism Culture Preparations,Chemical products n.e.s.,Chemical Products,False,True,extended only,0.085,1.385,1.582,-0.774,0.0,254126416.8533195
8439,Papermaking Machines,"Machinery, mechanical appliances, & parts",Machines,False,True,extended only,0.068,1.491,1.59,-0.425,0.0,408601419.5729812
7319,Iron Sewing Needles,Iron/Steel Articles,Metals,False,True,extended only,0.092,1.009,1.596,-1.167,0.0,23866537.302607417
9011,Microscopes,"Optical, photo, & film equipment; medical instruments",Instruments,False,True,extended only,0.049,1.155,1.597,0.019,0.0,219564267.29360262
7018,Glass Beads,Glass & glassware,Stone And Glass,False,True,extended only,0.086,0.933,1.6,-1.073,0.0,106708826.10006925
8460,Metal Finishing Machines,"Machinery, mechanical appliances, & parts",Machines,False,True,extended only,0.06,1.423,1.609,-0.465,0.0,292732440.91963035
2930,Organo-Sulfur Compounds,Organic chemicals,Chemical Products,False,True,extended only,0.09,1.391,1.61,-1.335,0.0,635541120.7782798
9114,Other Clocks and Watches,"Clocks, watches, & parts",Instruments,False,True,extended only,0.104,1.289,1.61,-1.703,0.0,122568001.02542083
8441,Other Paper Machinery,"Machinery, mechanical appliances, & parts",Machines,False,True,extended only,0.054,1.149,1.612,-0.367,0.0,579730612.9561714
8463,Other Non-Metal Removal Machinery,"Machinery, mechanical appliances, & parts",Machines,False,True,extended only,0.048,1.037,1.625,-0.401,0.0,138424997.5265389
8459,Drilling Machines,"Machinery, mechanical appliances, & parts",Machines,False,True,extended only,0.036,1.097,1.626,-0.058,0.0,214301016.07792255
2926,Nitrile Compounds,Organic chemicals,Chemical Products,False,True,extended only,0.085,0.95,1.628,-1.468,0.0,445682990.74503267
9002,Mirrors and Lenses,"Optical, photo, & film equipment; medical instruments",Instruments,False,True,extended only,0.061,1.299,1.636,-0.937,0.0,906032133.683664
8426,Cranes,"Machinery, mechanical appliances, & parts",Machines,False,True,extended only,0.02,1.038,1.637,0.232,0.0,1067596469.4729047
9702,Prints,Art & antiques,Arts and Antiques,False,True,extended only,0.083,0.943,1.637,-1.552,0.0,39631154.86187126
9611,Rubber Stamps,Misc. manufactures,Miscellaneous,False,True,extended only,0.034,0.936,1.643,-0.278,0.0,22357248.56896745
7302,Iron Railway Products,Iron/Steel Articles,Metals,False,True,extended only,0.019,0.942,1.645,0.12,0.0,269155870.3024197
8440,Book-binding Machines,"Machinery, mechanical appliances, & parts",Machines,False,True,extended only,0.054,1.268,1.645,-0.856,0.0,63509101.72490423
4810,Kaolin Coated Paper,Paper articles,Paper Goods,False,True,extended only,0.048,0.916,1.648,-0.744,0.0,2133219550.8285499
9301,Military Weapons,Weapons,Weapons,False,True,extended only,0.0,0.999,1.65,0.588,0.0,111046522.05439615
1105,Potato Flours,Products of the milling industry,Vegetable Products,False,True,extended only,0.039,1.06,1.651,-0.528,0.0,73446500.61582965
3704,Undeveloped Exposed Photographic Material,Photo & movie goods,Chemical Products,False,True,extended only,0.011,1.218,1.651,0.252,0.0,2569990.6230995515
8540,Cathode Tubes,Electrical machinery and electronics,Machines,False,True,extended only,0.036,1.303,1.651,-0.45,0.0,136013529.0844925
8464,Stone Working Machines,"Machinery, mechanical appliances, & parts",Machines,False,True,extended only,0.042,1.388,1.652,-0.616,0.0,208968971.83024648
2936,Vitamins,Organic chemicals,Chemical Products,False,True,extended only,0.078,1.286,1.656,-1.72,0.0,748136437.0752398
8455,Metal-Rolling Mills,"Machinery, mechanical appliances, & parts",Machines,False,True,extended only,0.033,1.292,1.659,-0.486,0.0,383991150.585525
2842,Other Inorganic Acids Salts,Inorganic chemicals,Chemical Products,False,True,extended only,0.026,1.4,1.664,-0.347,0.0,117572463.41925535
7222,Other Stainless Steel Bars,Iron & steel,Metals,False,True,extended only,0.044,1.394,1.675,-1.047,0.0,511296052.61065865
3002,"Vaccines, blood, antisera, toxins and cultures",Pharmaceutical products,Chemical Products,False,True,extended only,0.033,1.529,1.681,-0.836,0.0,21457249519.536392
8429,Large Construction Vehicles,"Machinery, mechanical appliances, & parts",Machines,False,True,extended only,0.01,1.446,1.684,-0.201,0.0,4001029222.0450006
2850,Hydrides and other anions,Inorganic chemicals,Chemical Products,False,True,extended only,0.03,1.53,1.689,-0.874,0.0,50742583.40395903
2929,Other Nitrogen Compounds,Organic chemicals,Chemical Products,False,True,extended only,0.021,1.319,1.693,-0.687,0.0,479357575.6814529
2940,Chemically Pure Sugars,Organic chemicals,Chemical Products,False,True,extended only,0.028,1.255,1.693,-0.88,0.0,105387153.88144071
7225,Flat Flat-Rolled Steel,Iron & steel,Metals,False,True,extended only,0.02,1.419,1.693,-0.637,0.0,2602419198.6722
2843,Precious Metal Compounds,Inorganic chemicals,Chemical Products,False,True,extended only,0.048,1.476,1.713,-1.717,0.0,863723167.589966
2933,Nitrogen Heterocyclic Compounds,Organic chemicals,Chemical Products,False,True,extended only,0.073,1.565,1.714,-2.445,0.0,7192877212.238354
2907,Phenols,Organic chemicals,Chemical Products,False,True,extended only,0.023,1.437,1.715,-1.049,0.0,497956808.04036885
5905,Textile Wall Coverings,"Coated, covered, & laminated fabrics for industrial use",Textiles,False,True,extended only,0.004,1.152,1.716,-0.554,0.0,9407510.187842183
3703,Photographic Paper,Photo & movie goods,Chemical Products,False,True,extended only,0.011,0.954,1.727,-0.909,0.0,38741429.69020565
3807,"Wood Tar, Oils and Pitch",Chemical products n.e.s.,Chemical Products,False,True,extended only,0.007,1.056,1.734,-0.891,0.0,10820265.0612422
8448,Knitting Machine Accessories,"Machinery, mechanical appliances, & parts",Machines,False,True,extended only,0.011,1.377,1.738,-1.068,0.0,385236410.6903852
3601,Propellant Powders,"Explosives, matches, & fireworks",Chemical Products,False,True,extended only,0.001,1.097,1.741,-0.827,0.0,34400191.096972175
4704,Sulfite Chemical Woodpulp,Wood pulp & paper scrap,Paper Goods,False,True,extended only,0.0,1.227,1.746,-0.886,0.0,41992816.06625847
4801,Newsprint,Paper articles,Paper Goods,False,True,extended only,0.011,1.264,1.746,-1.199,0.0,608719131.0347567
2931,Other Organo-Inorganic Compounds,Organic chemicals,Chemical Products,False,True,extended only,0.017,1.242,1.749,-1.413,0.0,707903752.4243933
7105,Precious Stone Dust,"Precious stones, metals, & pearls",Precious Metals,False,True,extended only,0.003,1.494,1.749,-1.018,0.0,35558343.73494205
7014,Signaling Glassware,Glass & glassware,Stone And Glass,False,True,extended only,0.01,1.576,1.755,-1.309,0.0,41852967.37034011
2925,Carboxyimide Compounds,Organic chemicals,Chemical Products,False,True,extended only,0.028,1.462,1.758,-1.868,0.0,159307398.1872572
8401,Nuclear Reactors,"Machinery, mechanical appliances, & parts",Machines,False,True,extended only,0.002,1.008,1.765,-1.208,0.0,271589129.18468183
8445,Textile Fiber Machinery,"Machinery, mechanical appliances, & parts",Machines,False,True,extended only,0.008,1.061,1.768,-1.451,0.0,288088165.95218635
7218,Stainless Steel Ingots,Iron & steel,Metals,False,True,extended only,0.004,1.069,1.769,-1.33,0.0,332672447.03682536
8601,Electric Locomotives,Railway and trams,Transportation,False,True,extended only,0.001,1.029,1.769,-1.254,0.0,100716090.08808765
9101,Precious Metal Watches,"Clocks, watches, & parts",Instruments,False,True,extended only,0.024,0.964,1.775,-1.997,0.0,1097060153.9108524
8449,Felt Machinery,"Machinery, mechanical appliances, & parts",Machines,False,True,extended only,0.006,0.992,1.777,-1.518,0.0,118899565.42223297
2812,Halides,Inorganic chemicals,Chemical Products,False,True,extended only,0.005,1.347,1.781,-1.556,0.0,51081183.238316424
7004,Blown Glass,Glass & glassware,Stone And Glass,False,True,extended only,0.017,1.026,1.784,-1.912,0.0,54018160.08845701
9205,Wind Instruments,Musical instruments,Instruments,False,True,extended only,0.005,1.23,1.786,-1.623,0.0,60809544.747268416
7221,Hot-Rolled Stainless Steel Bars,Iron & steel,Metals,False,True,extended only,0.001,1.446,1.794,-1.634,0.0,150784016.71459985
2924,Carboxyamide Compounds,Organic chemicals,Chemical Products,False,True,extended only,0.022,1.376,1.797,-2.268,0.0,744914440.6861706
9110,Incomplete Movement Sets,"Clocks, watches, & parts",Instruments,False,True,extended only,0.001,1.403,1.807,-1.81,0.0,28644039.149672177
2935,Sulfonamides,Organic chemicals,Chemical Products,False,True,extended only,0.005,1.37,1.816,-2.081,0.0,862831603.6967987
5005,Silk Waste Yarn,Silk,Textiles,False,True,extended only,0.0,1.429,1.816,-1.931,0.0,7425788.894333147
